﻿{
	"display":{
		"description":"獲得神秘寶箱裡的道具",
		"title":"誰找到就歸誰",
		"icon":{
			"item":"chest"
		}
	},
	"criteria":{
		"ender":{
			"trigger":"minecraft:inventory_changed",
			"conditions":{
				"items":[{
					"item":"ender_pearl"
				}]
			}
		},
		"elytra":{
			"trigger":"minecraft:inventory_changed",
			"conditions":{
				"items":[{
					"item":"elytra"
				}]
			}
		},
		"boat":{
			"trigger":"minecraft:inventory_changed",
			"conditions":{
				"items":[{
					"item":"acacia_boat"
				}]
			}
		},
		"eapple":{
			"trigger":"minecraft:inventory_changed",
			"conditions":{
				"items":[{
					"item":"enchanted_golden_apple"
				}]
			}
		}
	},
	"rewards":{
	},
	"requirements":[["ender","elytra","boat","eapple"]],
	"parent":"adv:shh"
}