{"stat.chestOpened":2,"stat.craftItem.minecraft.leather_leggings":1,"stat.useItem.minecraft.noteblock":9,"stat.walkOneCm":312518,"stat.useItem.minecraft.torch":1,"stat.useItem.minecraft.quartz_block":104,"stat.useItem.minecraft.quartz_stairs":38,"stat.useItem.minecraft.orange_glazed_terracotta":31,"stat.leaveGame":1,"stat.drop.minecraft.glowstone_dust":64,"stat.useItem.minecraft.beacon":1,"stat.useItem.minecraft.blue_glazed_terracotta":6,"stat.craftItem.minecraft.leather_boots":1,"stat.useItem.minecraft.black_glazed_terracotta":7,"stat.useItem.minecraft.armor_stand":4,"stat.pickup.minecraft.log":1,"stat.craftItem.minecraft.leather_helmet":1,"stat.pickup.minecraft.filled_map":2,"stat.useItem.minecraft.bedrock":4,"stat.bannerCleaned":17,"stat.jump":805,"stat.climbOneCm":1917,"stat.useItem.minecraft.item_frame":16,"stat.useItem.minecraft.sea_lantern":1,"stat.pickup.minecraft.glowstone_dust":64,"stat.crouchOneCm":1697,"stat.craftItem.minecraft.banner":27,"stat.sprintOneCm":166532,"stat.pickup.minecraft.banner":10,"stat.craftingTableInteraction":38,"stat.useItem.minecraft.dispenser":8,"stat.useItem.minecraft.stone_slab":16,"stat.useItem.minecraft.white_glazed_terracotta":42,"stat.useItem.minecraft.cauldron":1,"stat.useItem.minecraft.magenta_glazed_terracotta":10,"stat.damageTaken":200,"stat.useItem.minecraft.wooden_button":5,"stat.useItem.minecraft.end_crystal":1,"stat.dispenserInspected":19,"stat.noteblockTuned":103,"stat.useItem.minecraft.yellow_glazed_terracotta":8,"stat.flyOneCm":726447,"stat.drop":2,"stat.playOneMinute":151495,"stat.craftItem.minecraft.leather_chestplate":1,"stat.useItem.minecraft.banner":11,"stat.sneakTime":1342,"stat.useItem.minecraft.lime_glazed_terracotta":3,"stat.pickup.minecraft.item_frame":3,"stat.timeSinceDeath":151495,"stat.useItem.minecraft.map":19,"stat.useItem.minecraft.crafting_table":4,"stat.drop.minecraft.log":1,"stat.cauldronFilled":1,"stat.useItem.minecraft.gray_glazed_terracotta":6,"stat.useItem.minecraft.light_blue_glazed_terracotta":306,"stat.useItem.minecraft.red_glazed_terracotta":1}