{"stats":{"minecraft:mined":{"minecraft:red_nether_bricks":1,"minecraft:magma_block":4,"minecraft:glowstone":1,"minecraft:quartz_block":1,"minecraft:cobblestone":25,"minecraft:oak_log":1,"minecraft:lever":1,"minecraft:stone":1},"minecraft:killed_by":{"minecraft:creeper":3,"minecraft:zombie":1},"minecraft:picked_up":{"minecraft:iron_chestplate":3,"minecraft:wheat":4,"minecraft:redstone_block":212,"minecraft:chainmail_boots":3,"minecraft:ender_chest":18,"minecraft:anvil":4,"minecraft:prismarine_shard":4,"minecraft:stone_slab":10,"minecraft:diamond_sword":30,"minecraft:nether_brick":4,"minecraft:knowledge_book":5,"minecraft:stone_brick_stairs":11,"minecraft:golden_sword":19,"minecraft:lapis_block":1,"minecraft:iron_leggings":5,"minecraft:sticky_piston":4,"minecraft:armor_stand":142,"minecraft:diamond_leggings":3,"minecraft:comparator":8,"minecraft:light_weighted_pressure_plate":1,"minecraft:redstone_torch":154,"minecraft:written_book":17,"minecraft:ender_eye":1,"minecraft:coal_block":1042,"minecraft:iron_boots":3,"minecraft:oak_fence":9,"minecraft:torch":7,"minecraft:purpur_pillar":1,"minecraft:golden_chestplate":1,"minecraft:rabbit_foot":1,"minecraft:quartz_block":80,"minecraft:stone_sword":11,"minecraft:cactus":8,"minecraft:command_block":37,"minecraft:iron_block":2,"minecraft:glowstone":5,"minecraft:end_rod":5,"minecraft:blaze_powder":4,"minecraft:enchanting_table":5,"minecraft:leather_chestplate":4,"minecraft:barrier":47,"minecraft:feather":4,"minecraft:cooked_beef":1,"minecraft:repeater":39,"minecraft:water_bucket":1,"minecraft:brown_wool":1,"minecraft:flint":1,"minecraft:map":8,"minecraft:dirt":3,"minecraft:leather_boots":4,"minecraft:sign":86,"minecraft:wheat_seeds":5,"minecraft:popped_chorus_fruit":4,"minecraft:diamond_helmet":10,"minecraft:glowstone_dust":8,"minecraft:oak_planks":6,"minecraft:dropper":1,"minecraft:ink_sac":65,"minecraft:grass_block":1,"minecraft:fermented_spider_eye":65,"minecraft:jungle_slab":1,"minecraft:trapped_chest":2,"minecraft:dispenser":72,"minecraft:sugar":4,"minecraft:diamond":27,"minecraft:lever":10,"minecraft:writable_book":5,"minecraft:golden_apple":11,"minecraft:white_concrete":1,"minecraft:emerald":374,"minecraft:chainmail_helmet":4,"minecraft:oak_sapling":76,"minecraft:diamond_pickaxe":2,"minecraft:crafting_table":2,"minecraft:ladder":6,"minecraft:splash_potion":9,"minecraft:nether_wart":4,"minecraft:leather_leggings":6,"minecraft:golden_pickaxe":18,"minecraft:redstone_lamp":2,"minecraft:structure_block":1,"minecraft:gold_block":1,"minecraft:elytra":1,"minecraft:iron_axe":13,"minecraft:wooden_sword":26,"minecraft:flint_and_steel":2,"minecraft:item_frame":9,"minecraft:white_carpet":205,"minecraft:observer":2,"minecraft:poppy":7,"minecraft:light_gray_wool":1,"minecraft:chest":2,"minecraft:piston":23,"minecraft:end_stone":1,"minecraft:stone":157,"minecraft:stone_button":73,"minecraft:trident":1,"minecraft:redstone":104,"minecraft:prismarine_crystals":31,"minecraft:tnt":7,"minecraft:repeating_command_block":11,"minecraft:diamond_chestplate":25,"minecraft:diamond_boots":6,"minecraft:saddle":1,"minecraft:black_banner":44,"minecraft:rail":15,"minecraft:skeleton_skull":4,"minecraft:white_wool":112,"minecraft:end_portal_frame":2,"minecraft:filled_map":7,"minecraft:bedrock":56,"minecraft:oak_log":1,"minecraft:chainmail_chestplate":3,"minecraft:wooden_hoe":1,"minecraft:apple":1,"minecraft:stone_bricks":15,"minecraft:iron_ingot":1,"minecraft:stone_pickaxe":4,"minecraft:glass_bottle":4,"minecraft:iron_sword":16,"minecraft:soul_sand":5,"minecraft:oak_slab":2,"minecraft:white_stained_glass_pane":2,"minecraft:chain_command_block":38,"minecraft:quartz":191,"minecraft:dandelion":2,"minecraft:leather_helmet":13,"minecraft:firework_rocket":64,"minecraft:slime_ball":4,"minecraft:stone_axe":9,"minecraft:chainmail_leggings":3,"minecraft:iron_helmet":7,"minecraft:diamond_axe":5,"minecraft:painting":2,"minecraft:oak_button":54,"minecraft:hopper":461,"minecraft:wooden_axe":20,"minecraft:sunflower":1},"minecraft:used":{"minecraft:nether_brick_fence":365,"minecraft:writable_book":3,"minecraft:iron_shovel":4,"minecraft:melon":1,"minecraft:dispenser":98,"minecraft:ladder":300,"minecraft:bone_block":58,"minecraft:chest":77,"minecraft:white_terracotta":280,"minecraft:stone":1316,"minecraft:iron_sword":5,"minecraft:nether_wart":116,"minecraft:quartz_stairs":129,"minecraft:tube_coral":1,"minecraft:debug_stick":243,"minecraft:soul_sand":141,"minecraft:nether_bricks":3076,"minecraft:carrot":42,"minecraft:orange_wool":13,"minecraft:snowball":24,"minecraft:milk_bucket":6,"minecraft:obsidian":698,"minecraft:red_sandstone_stairs":10,"minecraft:glass":237,"minecraft:lava_bucket":258,"minecraft:quartz_slab":5,"minecraft:quartz_block":2864,"minecraft:green_wool":6,"minecraft:hopper_minecart":1,"minecraft:stone_brick_stairs":21,"minecraft:stone_bricks":841,"minecraft:item_frame":64,"minecraft:bedrock":4164,"minecraft:golden_sword":18,"minecraft:repeater":625,"minecraft:redstone_lamp":40,"minecraft:snow":10,"minecraft:magma_block":157,"minecraft:bow":13,"minecraft:written_book":253,"minecraft:furnace":1,"minecraft:yellow_glazed_terracotta":2,"minecraft:oak_sapling":3,"minecraft:gold_block":34,"minecraft:skeleton_skull":109,"minecraft:egg":6,"minecraft:fire_coral_fan":2,"minecraft:seagrass":131,"minecraft:ink_sac":139,"minecraft:mossy_stone_bricks":1,"minecraft:end_rod":86,"minecraft:end_stone_bricks":12,"minecraft:dropper":43,"minecraft:stone_pickaxe":7,"minecraft:oak_planks":425,"minecraft:cactus":8,"minecraft:wooden_pickaxe":1,"minecraft:sandstone":157,"minecraft:redstone_block":952,"minecraft:clay":2,"minecraft:diamond_axe":4,"minecraft:purpur_pillar":86,"minecraft:oak_leaves":225,"minecraft:white_wool":2684,"minecraft:sand":46,"minecraft:purpur_stairs":2,"minecraft:infested_chiseled_stone_bricks":2,"minecraft:light_blue_wool":1,"minecraft:black_banner":63,"minecraft:yellow_concrete":86,"minecraft:gray_concrete":8,"minecraft:note_block":19,"minecraft:lingering_potion":3,"minecraft:end_stone":431,"minecraft:birch_fence":10,"minecraft:redstone_torch":665,"minecraft:sticky_piston":10,"minecraft:lever":74,"minecraft:red_sandstone":57,"minecraft:black_concrete":85,"minecraft:firework_rocket":7,"minecraft:daylight_detector":3,"minecraft:barrier":1042,"minecraft:string":1,"minecraft:brown_wool":166,"minecraft:stone_button":292,"minecraft:sign":1022,"minecraft:white_glazed_terracotta":51,"minecraft:diamond_ore":5,"minecraft:iron_door":7,"minecraft:coal_block":551,"minecraft:nether_wart_block":424,"minecraft:diamond_sword":545,"minecraft:wooden_sword":389,"minecraft:white_stained_glass":216,"minecraft:white_concrete":53,"minecraft:purple_wool":1,"minecraft:cobweb":11,"minecraft:oak_fence":548,"minecraft:iron_bars":79,"minecraft:oak_trapdoor":43,"minecraft:purpur_block":38,"minecraft:acacia_log":89,"minecraft:trident":4,"minecraft:enchanting_table":64,"minecraft:stone_sword":40,"minecraft:dead_bush":24,"minecraft:flint_and_steel":133,"minecraft:red_concrete":1,"minecraft:armor_stand":4,"minecraft:redstone":1259,"minecraft:ender_chest":6,"minecraft:netherrack":1618,"minecraft:structure_block":49,"minecraft:dried_kelp_block":1,"minecraft:torch":24,"minecraft:dirt":1179,"minecraft:anvil":71,"minecraft:white_carpet":278,"minecraft:hopper":153,"minecraft:chorus_flower":3,"minecraft:nether_quartz_ore":120,"minecraft:spruce_stairs":17,"minecraft:cobblestone_wall":18,"minecraft:oak_wood":1,"minecraft:blue_concrete":6,"minecraft:nether_brick_stairs":163,"minecraft:oak_fence_gate":2,"minecraft:purple_stained_glass_pane":1,"minecraft:wooden_axe":8,"minecraft:sea_lantern":460,"minecraft:iron_block":124,"minecraft:iron_axe":21,"minecraft:light_weighted_pressure_plate":7,"minecraft:oak_stairs":50,"minecraft:light_gray_wool":8,"minecraft:tripwire_hook":1,"minecraft:purple_concrete":2,"minecraft:glowstone":542,"minecraft:emerald_block":21,"minecraft:iron_trapdoor":83,"minecraft:white_stained_glass_pane":161,"minecraft:minecart":2,"minecraft:trapped_chest":6,"minecraft:stone_pressure_plate":55,"minecraft:cooked_beef":3,"minecraft:observer":9,"minecraft:knowledge_book":65,"minecraft:acacia_boat":1,"minecraft:water_bucket":78,"minecraft:iron_ore":2,"minecraft:light_blue_glazed_terracotta":7,"minecraft:birch_planks":1,"minecraft:yellow_shulker_box":1,"minecraft:lime_wool":5,"minecraft:red_nether_bricks":354,"minecraft:black_shulker_box":1,"minecraft:cauldron":1,"minecraft:spruce_fence_gate":2,"minecraft:cracked_stone_bricks":1,"minecraft:diamond_block":55,"minecraft:mossy_cobblestone":6,"minecraft:rail":5,"minecraft:comparator":273,"minecraft:terracotta":7,"minecraft:oak_slab":411,"minecraft:tnt":9,"minecraft:crafting_table":9,"minecraft:white_bed":1,"minecraft:fire_coral":14,"minecraft:painting":55,"minecraft:spruce_log":1,"minecraft:dark_oak_door":2,"minecraft:oak_log":165,"minecraft:piston":4,"minecraft:flower_pot":3,"minecraft:ender_eye":14,"minecraft:black_wool":18,"minecraft:diamond_pickaxe":26,"minecraft:activator_rail":3,"minecraft:command_block":3254,"minecraft:oak_button":69,"minecraft:map":22,"minecraft:stone_slab":1015,"minecraft:stone_axe":77,"minecraft:chiseled_stone_bricks":1,"minecraft:green_shulker_box":1,"minecraft:cobblestone":26,"minecraft:bucket":21,"minecraft:lapis_block":374,"minecraft:chain_command_block":4729,"minecraft:glass_pane":14,"minecraft:repeating_command_block":1041,"minecraft:sea_pickle":7,"minecraft:end_portal_frame":88,"minecraft:gray_wool":6,"minecraft:splash_potion":3,"minecraft:jukebox":1,"minecraft:birch_stairs":34},"minecraft:killed":{"minecraft:witch":4,"minecraft:chicken":2,"minecraft:creeper":4,"minecraft:sheep":2,"minecraft:zombie":117,"minecraft:cow":1,"minecraft:horse":1,"minecraft:bat":44,"minecraft:villager":90},"minecraft:crafted":{"minecraft:ender_chest":1,"minecraft:diamond_helmet":1,"minecraft:diamond_leggings":1,"minecraft:iron_boots":2,"minecraft:iron_helmet":3,"minecraft:iron_chestplate":2,"minecraft:leather_chestplate":2,"minecraft:stone_sword":4,"minecraft:wooden_sword":4,"minecraft:leather_leggings":2,"minecraft:leather_boots":2,"minecraft:iron_axe":4,"minecraft:diamond_boots":1,"minecraft:diamond_sword":5,"minecraft:iron_sword":4,"minecraft:leather_helmet":2,"minecraft:stone_axe":4,"minecraft:wooden_axe":4,"minecraft:iron_leggings":2,"minecraft:diamond_chestplate":1},"minecraft:dropped":{"minecraft:repeating_command_block":1,"minecraft:iron_sword":11,"minecraft:diamond_axe":1,"minecraft:golden_pickaxe":3,"minecraft:diamond":6,"minecraft:bedrock":68,"minecraft:black_banner":21,"minecraft:leather_helmet":11,"minecraft:dirt":3,"minecraft:redstone_lamp":1,"minecraft:stone_button":3,"minecraft:dispenser":8,"minecraft:wooden_sword":19,"minecraft:white_wool":68,"minecraft:chorus_plant":1,"minecraft:purpur_block":1,"minecraft:stone_axe":8,"minecraft:lever":3,"minecraft:obsidian":1,"minecraft:oak_planks":4,"minecraft:enchanted_golden_apple":61,"minecraft:end_stone":1,"minecraft:nether_brick_fence":1,"minecraft:chainmail_chestplate":3,"minecraft:leather_chestplate":2,"minecraft:sea_lantern":3,"minecraft:skeleton_skull":1,"minecraft:quartz_block":18,"minecraft:hopper":3,"minecraft:glowstone":2,"minecraft:leather_boots":2,"minecraft:ladder":1,"minecraft:chest":2,"minecraft:chainmail_boots":3,"minecraft:leather_leggings":3,"minecraft:end_stone_bricks":1,"minecraft:chain_command_block":11,"minecraft:quartz":31,"minecraft:stone_brick_stairs":12,"minecraft:written_book":21,"minecraft:oak_leaves":1,"minecraft:splash_potion":9,"minecraft:netherrack":1,"minecraft:enchanting_table":3,"minecraft:water_bucket":1,"minecraft:iron_ingot":1,"minecraft:oak_slab":1,"minecraft:tnt":2,"minecraft:diamond_leggings":4,"minecraft:cobblestone":1,"minecraft:iron_helmet":6,"minecraft:barrier":17,"minecraft:oak_fence":1,"minecraft:feather":2,"minecraft:hopper_minecart":2,"minecraft:command_block":9,"minecraft:chainmail_helmet":4,"minecraft:coal_block":44,"minecraft:sign":16,"minecraft:ink_sac":1,"minecraft:torch":2,"minecraft:repeater":31,"minecraft:wooden_axe":20,"minecraft:white_concrete":1,"minecraft:map":3,"minecraft:diamond_helmet":9,"minecraft:iron_leggings":3,"minecraft:iron_axe":9,"minecraft:chainmail_leggings":3,"minecraft:trapped_chest":2,"minecraft:lapis_block":1,"minecraft:redstone_block":13,"minecraft:redstone":12,"minecraft:anvil":2,"minecraft:ender_chest":7,"minecraft:stone_sword":9,"minecraft:white_carpet":2,"minecraft:light_gray_wool":2,"minecraft:iron_boots":3,"minecraft:comparator":3,"minecraft:structure_block":1,"minecraft:ender_eye":1,"minecraft:nether_bricks":1,"minecraft:filled_map":4,"minecraft:diamond_sword":21,"minecraft:stone":130,"minecraft:oak_button":13,"minecraft:diamond_chestplate":9,"minecraft:diamond_pickaxe":3,"minecraft:iron_chestplate":3,"minecraft:quartz_stairs":1,"minecraft:oak_sapling":7,"minecraft:end_portal_frame":2,"minecraft:golden_sword":3,"minecraft:redstone_torch":57,"minecraft:stone_bricks":14,"minecraft:diamond_boots":6,"minecraft:stone_pickaxe":4,"minecraft:nether_quartz_ore":1,"minecraft:white_stained_glass":1},"minecraft:custom":{"minecraft:interact_with_crafting_table":4,"minecraft:open_shulker_box":1,"minecraft:leave_game":777,"minecraft:time_since_death":634397,"minecraft:damage_resisted":159,"minecraft:sprint_one_cm":8974090,"minecraft:damage_blocked_by_shield":765,"minecraft:drop":722,"minecraft:talked_to_villager":198,"minecraft:deaths":33,"minecraft:jump":111952,"minecraft:interact_with_brewingstand":2,"minecraft:walk_on_water_one_cm":145016,"minecraft:enchant_item":11,"minecraft:interact_with_furnace":2,"minecraft:traded_with_villager":69,"minecraft:play_one_minute":11354112,"minecraft:open_enderchest":16,"minecraft:damage_dealt":46998,"minecraft:interact_with_beacon":1,"minecraft:crouch_one_cm":897309,"minecraft:inspect_dispenser":4966,"minecraft:horse_one_cm":7875,"minecraft:inspect_dropper":172,"minecraft:mob_kills":283,"minecraft:inspect_hopper":229,"minecraft:climb_one_cm":58888,"minecraft:walk_one_cm":11877957,"minecraft:sneak_time":370811,"minecraft:walk_under_water_one_cm":829170,"minecraft:boat_one_cm":1925,"minecraft:tune_noteblock":17,"minecraft:pot_flower":3,"minecraft:time_since_rest":634459,"minecraft:damage_taken":13118,"minecraft:trigger_trapped_chest":8,"minecraft:minecart_one_cm":2987,"minecraft:swim_one_cm":20545,"minecraft:fly_one_cm":96782712,"minecraft:open_chest":156,"minecraft:aviate_one_cm":283829,"minecraft:fall_one_cm":41367}},"DataVersion":1631}